ISBN,Title,Author
0195153448,Classical Mythology,Mark P. O. Morford
0002005018,Clara Callan,Richard Bruce Wright
0060973129,Decision in Normandy,Carlo D'Este
0374157065,Flu: The Story of the Great Influenza Pandemic of 1918 and the Search for the Virus That Caused It,Gina Bari Kolata
0393045218,The Mummies of Urumchi,E. J. W. Barber
0399135782,The Kitchen God's Wife,Amy Tan
0425176428,What If?: The World's Foremost Military Historians Imagine What Might Have Been,Robert Cowley
0671870432,PLEADING GUILTY,Scott Turow
0679425608,Under the Black Flag: The Romance and the Reality of Life Among the Pirates,David Cordingly
074322678X,Where You'll Find Me: And Other Stories,Ann Beattie
0771074670,Nights Below Station Street,David Adams Richards
080652121X,Hitler's Secret Bankers: The Myth of Swiss Neutrality During the Holocaust,Adam Lebor
0887841740,The Middle Stories,Sheila Heti
1552041778,Jane Doe,R. J. Kaiser
1558746218,A Second Chicken Soup for the Woman's Soul (Chicken Soup for the Soul Series),Jack Canfield
1567407781,The Witchfinder (Amos Walker Mystery Series),Loren D. Estleman
1575663937,More Cunning Than Man: A Social History of Rats and Man,Robert Hendrickson
1881320189,Goodbye to the Buttermilk Sky,Julia Oliver
0440234743,The Testament,John Grisham
0452264464,Beloved (Plume Contemporary Fiction),Toni Morrison
0609804618,Our Dumb Century: The Onion Presents 100 Years of Headlines from America's Finest News Source,The Onion
1841721522,New Vegetarian: Bold and Beautiful Recipes for Every Occasion,Celia Brooks Brown
1879384493,If I'd Known Then What I Know Now: Why Not Learn from the Mistakes of Others? : You Can't Afford to Make Them All Yourself,J. R. Parrish
0061076031,Mary-Kate &amp; Ashley Switching Goals (Mary-Kate and Ashley Starring in),Mary-Kate &amp; Ashley Olsen
0439095026,Tell Me This Isn't Happening,Robynn Clairday
0689821166,Flood : Mississippi 1927,Kathleen Duey
0971880107,Wild Animus,Rich Shapero
0345402871,Airframe,Michael Crichton
0345417623,Timeline,MICHAEL CRICHTON
0684823802,OUT OF THE SILENT PLANET,C.S. Lewis
0375759778,Prague : A Novel,ARTHUR PHILLIPS
0425163091,Chocolate Jesus,Stephan Jaramillo
3404921038,Wie Barney es sieht.,Mordecai Richler
3442353866,Der Fluch der Kaiserin. Ein Richter- Di- Roman.,Eleanor Cooney
3442410665,Sturmzeit. Roman.,Charlotte Link
3442446937,Tage der Unschuld.,Richard North Patterson
0375406328,Lying Awake,Mark Salzman
0446310786,To Kill a Mockingbird,Harper Lee
0449005615,Seabiscuit: An American Legend,LAURA HILLENBRAND
0060168013,Pigs in Heaven,Barbara Kingsolver
038078243X,Miss Zukas and the Raven's Dance,Jo Dereske
055321215X,Pride and Prejudice,Jane Austen
067176537X,The Therapeutic Touch: How to Use Your Hands to Help or to Heal,Dolores Krieger
0061099686,Downtown,Anne Rivers Siddons
0553582909,Icebound,Dean R. Koontz
0671888587,I'll Be Seeing You,Mary Higgins Clark
0553582747,From the Corner of His Eye,Dean Koontz
0425182908,Isle of Dogs,Patricia Cornwell
042518630X,Purity in Death,J.D. Robb
0440223571,This Year It Will Be Different: And Other Stories,Maeve Binchy
0812523873,Proxies,Laura J. Mixon
0842342702,Left Behind: A Novel of the Earth's Last Days (Left Behind #1),Tim Lahaye
0440225701,The Street Lawyer,JOHN GRISHAM
0060914068,"Love, Medicine and Miracles",M.D. Bernie S. Siegel
0156047624,All the King's Men,Robert Penn Warren
0245542957,Pacific Northwest,Hans Johannes Hoefer
0380715899,A Soldier of the Great War,Mark Helprin
0553280333,Getting Well Again,O. Carol Simonton Md
0961769947,Northwest Wines and Wineries,Chuck Hill
0964778319,An Atmosphere of Eternity: Stories of India,David Iglehart
0671623249,LONESOME DOVE,Larry McMurtry
0679810307,Shabanu: Daughter of the Wind (Border Trilogy),SUZANNE FISHER STAPLES
0679865691,Haveli (Laurel Leaf Books),SUZANNE FISHER STAPLES
2070423204,Lieux dits,Michel Tournier
0345260317,The Dragons of Eden: Speculations on the Evolution of Human Intelligence,Carl Sagan
0394743741,The yawning heights,Aleksandr Zinoviev
042511774X,Breathing Lessons,Anne Tyler
0804106304,The Joy Luck Club,Amy Tan
1853262404,Heart of Darkness (Wordsworth Collection),Joseph Conrad
0312970242,The Angel Is Near,Deepak Chopra
1853260053,Tess of the D'Urbervilles (Wordsworth Classics),Thomas Hardy
1414035004,The Adventures of Drew and Ellie: The Magical Dress,Charles Noland
0060938412,The Accidental Virgin,Valerie Frankel
0140067477,The Tao of Pooh,Benjamin Hoff
0345465083,Seabiscuit,LAURA HILLENBRAND
0451625889,The Prince,Niccolo Machiavelli
1558531025,Life's Little Instruction Book (Life's Little Instruction Books (Paperback)),H. Jackson Brown
0441783589,Starship Troopers,Robert A. Heinlein
0394895894,"The Ruby in the Smoke (Sally Lockhart Trilogy, Book 1)",PHILIP PULLMAN
1569871213,Black Beauty (Illustrated Classics),Anna Sewell
0375410538,Anil's Ghost,MICHAEL ONDAATJE
0966986105,Prescription for Terror,Sandra Levy Ceren
087113375X,Modern Manners: An Etiquette Book for Rude People,P.J. O'Rourke
0340767936,Turning Thirty,Mike Gayle
0743403843,Decipher,Stel Pavlou
0060930365,"My First Cousin Once Removed: Money, Madness, and the Family of Robert Lowell",Sarah Payne Stuart
0060177586,Standing Firm: A Vice-Presidential Memoir,Dan Quayle
0071416331,Team Bush : Leadership Lessons from the Bush White House,Donald F. Kettl
0375509038,The Right Man : The Surprise Presidency of George W. Bush,DAVID FRUM
0553062042,Daybreakers Louis Lamour Collection,Louis Lamour
0316769487,The Catcher in the Rye,J.D. Salinger
8445071408,El Senor De Los Anillos: LA Comunidad Del Anillo (Lord of the Rings (Spanish)),J. R. R. Tolkien
8445071769,El Senor De Los Anillos: Las DOS Torres (Lord of the Rings (Paperback)),J. R. R. Tolkien
8445071777,"El Senor De Los Anillos: El Retorno Del Rey (Tolkien, J. R. R. Lord of the Rings. 3.)",J. R. R. Tolkien
0679429220,Midnight in the Garden of Good and Evil: A Savannah Story,John Berendt
0671867156,Pretend You Don't See Her,Mary Higgins Clark
0312252617,Fast Women,Jennifer Crusie
0312261594,Female Intelligence,Jane Heller
0316748641,Pasquale's Nose: Idle Days in an Italian Town,Michael Rips
0316973742,The Gospel of Judas: A Novel,Simon Mawer
0385235941,"Prize Stories, 1987: The O'Henry Awards",William Abrahams
0446677450,"Rich Dad, Poor Dad: What the Rich Teach Their Kids About Money--That the Poor and Middle Class Do Not!",Robert T. Kiyosaki
0451166892,The Pillars of the Earth,Ken Follett
0553347594,McDonald's: Behind the Arches,John F. Love
0671621009,Creating Wealth : Retire in Ten Years Using Allen's Seven Principles of Wealth!,Robert G. Allen
067976397X,Corelli's Mandolin : A Novel,LOUIS DE BERNIERES
0684822733,"Love, Miracles, and Animal Healing : A heartwarming look at the spiritual bond between animals and humans",Pam Proctor
0786868716,The Five People You Meet in Heaven,Mitch Albom
8472238822,Tu Nombre Escrito En El Agua (La Sonrisa Vertical),Irene Gonzalez Frei
0671864769,Relics (Star Trek: The Next Generation),Michael Jan Friedman
0671521519,Bless The Beasts And Children : Bless The Beasts And Children,Glendon Swarthout
0440222303,"The Touch of Your Shadow, the Whisper of Your Name (Babylon 5, Book 5)",Neal Barrett Jr.
0312953453,Blood Oath,David Morrell
0446608653,The Alibi,Sandra Brown
0446612545,The Beach House,James Patterson
0446612618,A Kiss Remembered,Sandra Brown
0451208080,The Short Forever,Stuart Woods
0553584383,Dead Aim,IRIS JOHANSEN
0671027360,Angels &amp; Demons,Dan Brown
0812575954,The Deal,Joe Hutsko
0316735736,All He Ever Wanted: A Novel,Anita Shreve
0743439740,"Every Breath You Take : A True Story of Obsession, Revenge, and Murder",Ann Rule
0345372700,"If I Ever Get Back to Georgia, I'm Gonna Nail My Feet to the Ground",LEWIS GRIZZARD
0380619458,The Mosquito Coast,Paul Theroux
0446325805,"If Love Were Oil, I'd Be About a Quart Low",Lewis Grizzard
0451406923,"Goodbye, My Little Ones: The True Story of a Murderous Mother and Five Innocent Victims",Charles Hickey
0671042858,The Girl Who Loved Tom Gordon,Stephen King
0743249992,Bringing Down the House: The Inside Story of Six M.I.T. Students Who Took Vegas for Millions,Ben Mezrich
0840734530,"The Oneprince (The Redaemian Chronicles, Book 1)",Bill Hand
0425184226,The Sum of All Fears,Tom Clancy
0375500766,Care Packages : Letters to Christopher Reeve from Strangers and Other Friends,DANA REEVE
9724119378,O Deus Das Pequenas Coisas,Roy
0451205197,Lady in Green/Minor Indiscretions (Signet Regency Romance),Barbara Metzger
0060929790,One Hundred Years of Solitude,Gabriel Garcia Marquez
0060976845,Little Altars Everywhere: A Novel,Rebecca Wells
0061099325,Coyote Waits (Joe Leaphorn/Jim Chee Novels),Tony Hillerman
0671004573,Before I Say Good-Bye,Mary Higgins Clark
0446601640,Slow Waltz in Cedar Bend,Robert James Waller
0330484516,Twenty Minute Retreats: Revive Your Spirits in Just Minutes a Day (A Pan Self-discovery Title),Rachel Harris
038572179X,Atonement : A Novel,IAN MCEWAN
0393020371,Next: The Future Just Happened,Michael Lewis
1900850303,The Angelic Darkness,Richard Zimler
1903019699,The Soulbane Stratagem,Norman Jetmundsen
0345425294,Gangster,Lorenzo Carcaterra
0451410319,Hush,Anne Frasier
0553583468,"Whisper of Evil (Hooper, Kay. Evil Trilogy.)",Kay Hooper
8420639133,Temor y Temblor,Soren Kierkegaard
8476409419,Estudios sobre el amor,Jose Ortega Y Gaset
0380778556,Rebecca,Daphne Du Maurier
0451525221,Scarlet Letter,Nathaniel Hawthorne
0002740230,Keep It Simple: And Get More Out of Life,Nick Page
0385336772,Diary of a Mad Mom-To-Be,Laura Wolf
0440949424,Locked in Time (Laurel Leaf Books),LOIS DUNCAN
0505524996,Contact,Susan Grant
0140252800,The Brimstone Wedding,Barbara Vine
0451452755,The Catswold Portal,Shirley Rousseau Murphy
0812575482,Through Wolf's Eyes (Wolf),Jane Lindskold
044651747X,Puerto Vallarta Squeeze,Robert James Waller
0060801263,Tree Grows In Brooklyn,Betty Smith
0061030147,"Cybill Disobedience: How I Survived Beauty Pageants, Elvis, Sex, Bruce Willis, Lies, Marriage, Motherhood, Hollywood, and the Irrepressible Urge to Say What I Think",Cybill Shepherd
0140250964,Snow Angels,Stewart O'Nan
0446527165,Wish You Well,David Baldacci
0671461494,The Hitchhiker's Guide to the Galaxy,Douglas Adams
0385337639,Crow Lake (Today Show Book Club #7),Mary Lawson
039575514X,My Antonia,Willa Cather
0451206673,Pen Pals,Olivia Goldsmith
0330332775,Bridget Jones's Diary,Helen Fielding
0486284735,Pride and Prejudice (Dover Thrift Editions),Jane Austen
0671021745,EYE ON CRIME: HARDY BOYS #153,Franklin W. Dixon
0671047612,Skin And Bones,Franklin W. Dixon
0671504282,"LAW OF THE JUNGLE (HARDY BOYS CASE FILE 105) : LAW OF THE JUNGLE (Hardy Boys, The)",Franklin W. Dixon
0399138684,The Cat Who Came to Breakfast (Cat Who... (Hardcover)),Lilian Jackson Braun
0785263292,"If Singleness Is a Gift, What's the Return Policy?",Holly Virden
0830714014,Always Daddy's Girl: Understanding Your Father's Impact on Who You Are,H. Norman Wright
0345354931,Night Mare (Xanth Novels (Paperback)),Piers Anthony
0553278223,The Martian Chronicles,RAY BRADBURY
3150000335,Kabale Und Liebe,Schiller
3257203659,Der illustrierte Mann. ErzÃ?Â¤hlungen.,Ray Bradbury
3257207522,Der KÃ?Â¶nig in Gelb.,Raymond Chandler
3257208626,Fahrenheit 451,Ray Bradbury
3257208634,Die Mars- Chroniken. Roman in ErzÃ?Â¤hlungen.,Ray Bradbury
3257208669,Das BÃ?Â¶se kommt auf leisen Sohlen.,Ray Bradbury
3257210450,LÃ?Â¶wenzahnwein. Roman.,Ray Bradbury
3257212054,Das Kind von morgen. ErzÃ?Â¤hlungen.,Ray Bradbury
3257212429,Die Mechanismen der Freude. ErzÃ?Â¤hlungen.,Ray Bradbury
3257214154,Familientreffen. ErzÃ?Â¤hlungen.,Ray Bradbury
3257216416,Der Tod kommt schnell in Mexico. ErzÃ?Â¤hlungen.,Ray Bradbury
3257233051,Veronika Deschliesst Zu Sterben / Vernika Decides to Die,Paolo Coelho
342311360X,Die Liebe in Den Zelten,Gabriel Garcia Marquez
3423116714,Die Klone der Joanna May. Roman.,Fay Weldon
3423241489,Ist mein Hintern wirklich so dick? Tagebuch einer empfindsamen Frau.,Arabella Weir
3426605686,Haifischfrauen.,Kiana Davenport
3453212150,Die Cappuccino- Jahre. Aus dem Tagebuch des Adrian Mole.,Sue Townsend
3462021095,Schwarzer Tee mit drei StÃ¼ck Zucker,Renan Demirkan
3492045642,QuerschÃ?Â¼sse - Downsize This!,Michael Moore
3498020862,Die Korrekturen.,Jonathan Franzen
3499110695,Neun ErzÃ?Â¤hlungen.,Jerome D. Salinger
3499151502,"Hebt den Dachbalken hoch, Zimmerleute / Seymour wird vorgestellt.",Jerome D. Salinger
3518111000,"Ulysses (Ã?Â?bersetzg. WollschlÃ?Â¤ger). ( Neue Folge, 100).",James Joyce
3548254268,Eine ganz normale AffÃ?Â¤re.,Joanna Trollope
3570300099,"Das Intimleben des Adrian Mole, 13 3/4 Jahre. cbt. ( Ab 14 J.).",Sue Townsend
3596292646,Das Buch der lÃ?Â¤cherlichen Liebe.,Milan Kundera
0060977493,The God of Small Things,Arundhati Roy
0312872682,The James Dean Affair: A Neil Gulliver &amp; Stevie Marriner Novel,Robert S. Levinson
0316602906,The Big Bad Wolf: A Novel,James Patterson
0316693006,Four Blind Mice,James Patterson
0345311396,Private Screening,Richard North Patterson
0345378490,Congo,Michael Crichton
0345404793,Protect and Defend,Richard North Patterson
0345433173,The Tall Pine Polka,Lorna Landvik
0375400117,Memoirs of a Geisha,Arthur Golden
0375705856,Plainsong (Vintage Contemporaries),KENT HARUF
0380717018,Body of Evidence (Kay Scarpetta Mysteries (Paperback)),Patricia D. Cornwell
0380718332,All That Remains (Kay Scarpetta Mysteries (Paperback)),Patricia D. Cornwell
0380754509,The Case of the Lost Look-Alike (An Avon Camelot Book),Carol J. Farley
038076654X,Petals on the River,Kathleen E. Woodiwiss
0380807866,The Elusive Flame,Kathleen E. Woodiwiss
0385316895,Legacy of Silence,Belva Plain
0385497466,The Brethren,JOHN GRISHAM
0385508042,The King of Torts,John Grisham
0385509456,The Curious Incident of the Dog in the Night-Time : A Novel,MARK HADDON
0385511612,Bleachers,John Grisham
0385730586,Sisterhood of the Traveling Pants,ANN BRASHARES
0425164403,Only Love (Magical Love),Erich Segal
0440234964,All or Nothing (Wheeler Large Print Books),Elizabeth Adler
0446605484,Roses Are Red (Alex Cross Novels),James Patterson
0446610399,The Rescue,Nicholas Sparks
0449006522,Manhattan Hunt Club,JOHN SAUL
0449911004,Patty Jane's House of Curl (Ballantine Reader's Circle),LORNA LANDVIK
0451162072,Pet Sematary,Stephen King
0451186648,Silent Snow,Steve Thayer
0452282152,Girl with a Pearl Earring,Tracy Chevalier
051513290X,Summer of Storms,Judith Kelman
0553580388,The Patient,Michael Palmer
0590598848,"Demona's Revenge (Gargoyles, No. 2)",Francine Hughes
0590629719,Clifford's Sports Day,Norman Bridwell
0671023616,Postmortem (Kay Scarpetta Mysteries (Paperback)),Patricia Cornwell
0671027387,Deception Point,Dan Brown
0684848783,Tis : A Memoir,Frank McCourt
0743486226,Angels &amp; Demons,Dan Brown
0786863986,A Monk Swimming,Malachy McCourt
0803251718,Crazy Horse,Mari Sandoz
0804117934,The Silent Cry (William Monk Novels (Paperback)),Anne Perry
140003180X,The Kalahari Typing School for Men (No. 1 Ladies' Detective Agency),ALEXANDER MCCALL SMITH
155874262X,Chicken Soup for the Soul (Chicken Soup for the Soul),Jack Canfield
0060987103,Wicked: The Life and Times of the Wicked Witch of the West,Gregory Maguire
0151008116,Life of Pi,Yann Martel
0375704965,A Judgement in Stone,Ruth Rendell
0525947647,Lies and the Lying Liars Who Tell Them: A Fair and Balanced Look at the Right,Al Franken
0804111359,Secret History,DONNA TARTT
1558744150,Chicken Soup for the Woman's Soul (Chicken Soup for the Soul Series (Paper)),Jack Canfield
0435272683,Great Expectations (Heinemann Guided Readers),John Milne
0316782505,The Weight of Water,Anita Shreve
006102063X,Moving Pictures (Discworld Novels (Paperback)),Terry Pratchett
0060013117,Night Watch,Terry Pratchett
0060199563,Thief of Time,Terry Pratchett
006052779X,Charlotte's Web Book and Charm (Charming Classics),E. B. White
0060563079,Peter Pan: The Original Story (Peter Pan),J. M. Barrie
0060809027,My Friend Flicka,Mary O'Hara
0061040967,The Last Hero : A Discworld Fable (Discworld Novels (Hardcover)),Terry Pratchett
0061050474,Jingo: A Discworld Novel (Discworld Series/Terry Pratchett),Terry Pratchett
0061052515,"Maskerade: A Novel of Discworld (Pratchett, Terry. Discworld Series (New York, N.Y.).)",Terry Pratchett
0061052523,Interesting Times: A Novel of Discworld,Terry Pratchett
0064472264,"On the Bright Side, I'm Now the Girlfriend of a Sex God: Further Confessions of Georgia Nicolson",Louise Rennison
0140620664,Mansfield Park (Penguin Popular Classics),Jane Austen
0312148267,The Wind in the Willows,Kenneth Grahame
0312156960,The Winter King: A Novel of Arthur (The Warlord Chronicles: I),Bernard Cornwell
0312890044,Moonheart (Newford),Charles de Lint
034543191X,The King of Elfland's Daughter (Del Rey Impact),Edward John Moreton Drax Plunkett Dunsany
0373836023,Powder and Patch,Georgette Heyer
0375751513,The Picture of Dorian Gray (Modern Library (Paperback)),OSCAR WILDE
0375801677,The Iron Giant,Ted Hughes
0375814248,James and the Giant Peach,ROALD DAHL
0375823352,"The Amber Spyglass (His Dark Materials, Book 3)",PHILIP PULLMAN
037582345X,"The Golden Compass (His Dark Materials, Book 1)",PHILIP PULLMAN
0375823468,"The Subtle Knife (His Dark Materials, Book 2)",PHILIP PULLMAN
0380730448,"The Adrian Mole Diaries : The Secret Diary of Adrian Mole, Aged 13 3/4 : The Growing Pains of Adrian Mole",Sue Townsend
0380973839,Martian Chronicles,Ray Bradbury
0385327773,The Great God Pan,Donna Jo Napoli
0394586239,Possession: A Romance,A. S. Byatt
0439510112,Born Confused,Tanuja Desai Hidier
0440241413,Confessions of a Shopaholic,SOPHIE KINSELLA
0451409256,Making Minty Malone,Isabel Wolff
0451523415,Little Women (Signet Classic),Louisa May Alcott
0451526279,Emma (Signet Classics (Paperback)),Jane Austen
0451526341,Animal Farm,George Orwell
0486415864,Great Expectations (Dover Thrift Editions),Charles Dickens
0553280589,Eva Luna,Isabel Allende
0571197639,Poisonwood Bible Edition Uk,Barbara Kingsolver
0670035262,The Green Man : Tales from the Mythic Forest,Ellen Datlow
0679423079,Nicholas Nickleby (Everyman's Library),Charles Dickens
0679751343,Angels &amp; Insects : Two Novellas,A.S. BYATT
0684833395,Catch 22,Joseph Heller
0743245024,The Forsyte Saga : The Man of Property and In Chancery,John Galsworthy
0749748001,The Enchanted Wood,Enid Blyton
0749748028,The Folk of the Faraway Tree,Enid Blyton
0963094424,Angels and Visitations: A Miscellany,Neil Gaiman
1401201172,"League of Extraordinary Gentlemen, Vol. 2 (Comic)",Alan Moore
1563892278,"Preludes and Nocturnes (Sandman, Book 1)",Neil Gaiman
1563898586,"The League of Extraordinary Gentlemen, Vol. 1",Alan Moore
156971620X,Harlequin Valentine,Neil Gaiman
1592571301,Alpha Teach Yourself American Sign Language in 24 Hours (Alpha Teach Yourself in 24 Hours),Trudy Suggs
0374270325,A Man in Full,Tom Wolfe
0375719180,The Miracle Life of Edgar Mint: A Novel,Brady Udall
0440235502,October Sky: A Memoir,Homer Hickam
044023722X,A Painted House,John Grisham
1573225487,The Romance Reader,Pearl Abraham
1853260673,Far from the Madding Crowd (Wordsworth Classics),Thomas Hardy
0060977477,The Perfect Storm : A True Story of Men Against the Sea,Sebastian Junger
0345391691,The Battle for God,Karen Armstrong
0520011171,Sappho: A New Translation,Mary Barnard
0553278746,The Postman (Bantam Classics),David Brin
0670856045,The Tortilla Curtain,T. Coraghessan Boyle
0872200760,Symposium,Paul Woodruff
0937858994,The What's Happening to My Body? Book for Boys: A Growing Up Guide for Parents and Sons,Lynda Madaras
0671649949,OBJECT AFFECTION,Stephen McCauley
0590431110,The Journey Home,Isabelle Holland
0064470113,Taking the Ferry Home,Pam Conrad
0553571486,Angel of Hope (Mercy Trilogy),Lurlene McDaniel
0972044205,The Breach,Brian Kaufman
0312963009,Neanderthal: A Novel,John Darnton
0345430476,A Small Dark Place,Martin Schenk
0345435869,The Rivan Codex : Ancient Texts of THE BELGARIAD and THE MALLOREON,DAVID EDDINGS
0380728729,Babyhood,Paul Reiser
038081840X,Year's Best Fantasy (Year's Best Fantasy),David G. Hartwell
0449912302,Dave Barry in Cyberspace,Dave Barry
055329198X,Wolf Moon,John R. Holt
0671018930,The War in Heaven (Eternal Warriors),Theodore Beale
0812541642,Waiting,Frank M. Robinson
0312988699,Nowhere To Run,Mary Jane Clark
0486282112,Frankenstein (Dover Thrift Editions),Mary Wollstonecraft Shelley
8483007010,El gust amarg de la cervesa (CollecciÃ³ ClÃ ssica),Isabel-Clara SimÃ³
0670815373,Urn Burial,Robert Westall
0385313748,All Our Yesterdays (Large Print),Robert B. Parker
1575843366,What Shall I Be (Barbie Carryalong),Rita Chapman Works
0684193957,ALL THAT REMAINS,Patricia Cornwell
0345371984,Last Chance to See,Douglas Adams
0380730138,Vinegar Hill (Oprah's Book Club (Paperback)),A. Manette Ansay
1573228737,Affinity,Sarah Waters
9681500555,Diario de Ana Frank,Anne Frank
0380711109,Desert Notes/River Notes,Barry Lopez
0452283914,"The Best Democracy Money Can Buy: The Truth About Corporate Cons, Globalization and High-Finance Fraudsters",Greg Palast
0425120279,The Hunt for Red October,Tom Clancy
067153484X,The Music Box,Andrea Kane
0380728273,Liberty Falling (Anna Pigeon Mysteries (Paperback)),Nevada Barr
8433914545,El Palacio de La Luna,Paul Auster
8484509141,Mientras Escribo,Stephen King
0446606197,Killer Market (Deborah Knott Mysteries (Paperback)),Margaret Maron
0771076002,Remembering Peter Gzowski : A Book of Tributes,EDNA BARKER
0771088191,The Best Canadian Animal Stories: Classic Tales by Master Storytellers,Muriel Whitaker
1559703237,Trying to Save Piggy Sneed,John Irving
3596214629,"Herr Der Fliegen (Fiction, Poetry and Drama)",Golding
0062770500,Seattle Access,HarperReference
0671847546,REAL GUIDE: CALIFORNIA AND THE WEST COAST (The Real guides),LTD
0060188731,Bel Canto,Ann Patchett
0140374248,James and the Giant Peach,Roald Dahl
0142001740,The Secret Life of Bees,Sue Monk Kidd
0195086295,What a Wonderful World: A Lifetime of Recordings,Bob Thiele
0312995423,Digital Fortress : A Thriller,Dan Brown
0380704587,The Ladies of Missalonghi,Colleen McCullough
0380815923,Blackberry Wine : A Novel,Joanne Harris
0385416342,The Firm,John Grisham
0385418493,How the Irish Saved Civilization: The Untold Story of Ireland's Heroic Role from the Fall of Rome to the Rise of Medieval Europe (Hinges of History),Thomas Cahill
038542471X,The Client,John Grisham
0425098109,Thieves of Light (Photon : the Ultimate Game on Planet Earth),Michael Hudson
0449005410,Horse Heaven (Ballantine Reader's Circle),Jane Smiley
0449202631,Danger,Dick Francis
0449207544,Proof,Dick Francis
0515128554,Heart of the Sea (Irish Trilogy),Nora Roberts
0517577402,Mostly Harmless,Douglas Adams
0590450875,I Spy: A Book of Picture Riddles,Jean Marzollo
0590481371,I Spy Spooky Night: A Book of Picture Riddles (I Spy Books),Walter Wick
067103619X,Lake News,Barbara Delinsky
0684177730,The SKULL BENEATH THE SKIN,P. D. James
0684180200,NEW SHOE,Arthur William Upfield
0743411269,An Accidental Woman,Barbara Delinsky
0743470389,The Snow Garden,Christopher Rice
076218857X,The Doorbell Rang (The Best Mysteries of All Time),Rex Stout
0767905938,A Year by the Sea: Thoughts of an Unfinished Woman,Joan Anderson
0800706544,Though I walk through the valley,Vance Havner
0801096677,Victorious Christians You Should Know,Warren W. Wiersbe
0849953014,Life Lessons: Book Of Hebrews,Max Lucado
0891091963,Inside out,Lawrence J Crabb
0915811537,Son Rise: The Miracle Continues,Barry Neil Kaufman
0927545373,Unveiled at Last,Bob Sjogren
1575024179,The Day I Almost Quit,Frederick J. Moody
1880185008,"Serving As Senders: How to Care for Your Missionaries While They Are Preparing to Go, While They Are on the Field, When They Return Home",Neal Pirolo
0140345809,House of Stairs,William Sleator
0156528207,The Little Prince,Antoine de Saint-ExupÃ©ry
0380012863,Jonathan Livingston Seagull,Richard Bach
0451154916,The Crystal Handbook,Kevin Sullivan
0785815147,Simple Wicca (Simple Wisdom Book),Michele Morgan
0875421288,"The Complete Book of Incense, Oils &amp; Brews (Llewellyn's Practical Magick)","Scott, Cunningham"
1567184294,"The Western Mysteries: An Encyclopedic Guide to the Sacred Languages &amp; Magickal Systems of the World : The Key of It All, Book II (Key of It All)",David Allen Hulse
156718796X,Astral Travel for Beginners (For Beginners),Richard Webster
1862047626,New Perspectives: Runes,Bernard King
0020437501,Rosie'S Walk,Pat Hutchins
0198320264,Julius Caesar (Oxford School Shakespeare),William Shakespeare
0373196989,"Santa Brought A Son : Marrying The Boss's Daughter (Silhouette Romance, 1698)",Melissa McClone
0373245580,"Marry Me ... Again   Montana Mavericks (Silhouette Special Edition, 1558)",Cheryl St. John
0451527747,Alice's Adventures in Wonderland and Through the Looking Glass,Lewis Carroll
0671867113,Moonlight Becomes You,Mary Higgins Clark
0812504208,The Adventures of Tom Sawyer,Mark Twain
0060173289,Divine Secrets of the Ya-Ya Sisterhood : A Novel,Rebecca Wells
0060973897,Lakota Woman,Dog Mary Crow
006101351X,The Perfect Storm : A True Story of Men Against the Sea,Sebastian Junger
0140104682,"Heroes of Their Own Lives: The Politics and History of Family Violence, Boston 1880-1960",Linda Gordon
0312143370,The Florence King Reader,Florence King
0316666343,The Lovely Bones: A Novel,Alice Sebold
039456894X,Impossible Vacation,Spalding Gray
0440224675,Hannibal,Thomas Harris
0449002632,London : The Novel,EDWARD RUTHERFURD
0449213773,Life Before Man,Margaret Atwood
0452279690,Cavedweller,Dorothy Allison
0553569058,The Robber Bride,Margaret Atwood
0679427430,Wouldn't Take Nothing for My Journey Now,MAYA ANGELOU
0679725393,The House of Mirth (Library of America),Edith Wharton
0802114369,Ohitika Woman,Mary Brave Bird
0803233019,Black Elk Speaks: Being the Life Story of a Holy Man of the Oglala Sioux,John G. Neihardt
0819154946,The Community in America,Roland Warren
0897322339,"The Best in Tent Camping: Smoky Mountains : A Guide for Campers Who Hate Rvs, Concrete Slabs, and Loud Portable Stereos (Best in Tent Camping Colorado)",Johnny Molloy
0940322978,Mawrdew Czgowchwz (New York Review Books Classics),James McCourt
1573225126,Prozac Nation: Young and Depressed in America : A Memoir,Elizabeth Wurtzel
1579651658,The Journey From Here,Bill Bradley
1878424319,The Four Agreements: A Practical Guide to Personal Freedom,Don Miguel Ruiz
8401351421,El desarrollo de Leonardo da Vinci (BiografÃ­as y memorias),Luis Racionero
8423324311,Gastronomia divina (L'Ã¡ncora),Eugeni Perea SimÃ³n
8427007450,Desaparecido: LA Autentica Historia De LA Ejecucion De Charles Horman,Thomas Hauser
8429734996,Hotel Europa (El BalancÃ­),VicenÃ§ Villatoro
8429736131,La dona dels ulls de pluja: Barcelona anys 90 (El BalancÃ­),VÃ­ctor Mora
8440616252,El paraÃ­so (Tiempos modernos),Elena Castedo
8472224260,Negra i consentida (ColÂ¨lecciÃ³ El Mirall),OfÃ¨lia Dracs
8472227421,Essa efa (ColÂ¨lecciÃ³ El Mirall i el temps),OfÃ¨lia Dracs
8474103347,Espurnes de sang (La Negra),Antoni Serra
8475960936,Les llengÃ¼es d'Africa (Biblioteca universal EmpÃºries),M. Carme Junyent
8477830029,TrÃ nsit (Area contemporÃ nia),Jaume CapÃ³
8478091246,L'home del sac,MÃ rius Serra
8478097732,GrÃ cies per la propina (Columna),Ferran Torrent
8478098267,El dia que es va cremar el Liceu (La primera Columna),Joan Agut
8478800336,CÃ³mo ser una mujer y no morir en el intento (ColecciÃ³n El Papagayo),Carmen Rico-Godoy
8478884963,Una casa en Irlanda,Maeve Binchy
8483002523,La mirada del tafur (ColÂ¨lecciÃ³ clÃ ssica),Ferran Torrent
8486433193,Amorrada al pilÃ³ (Columna),Maria JaÃ©n
0600586898,Blur (Melody Maker),Paul Lester
1853260622,War and Peace (Wordsworth Classics),Leo Tolstoy
1857938011,A-Z of Behaving Badly,Simon Nye
0060804157,He Understanding Masculine Psychology,Robert A Johnson
8466601090,Las DOS Muertes De Gardel (Ficcionario),Horacio Vazquez-Rial
0140382658,You Can Surf the Net: Your Guide to the World of the Internet,Marc Gascoigne
0152012966,I Want to Be...a Veterinarian (I Want to Be... Series),Stephanie Maze
0312283784,Alice's Tulips,Sandra Dallas
0345297709,Centaur Aisle,Piers Anthony
0345313097,Crewel Lye,Piers Anthony
0345335465,Dragonflight (Dragonriders of Pern Trilogy (Paperback)),Anne McCaffrey
0345416848,Last Sword of Power (Stones of Power),David Gemmell
0385333404,Dating Big Bird,Laura Zigman
044021145X,The Firm,John Grisham
0449212084,Murder at the Kennedy Center (Capital Crime Mysteries),Margaret Truman
0553582682,"Guinness World Records 2000 (Guinness Book of Records, 2000)",Nic Kynaston
0590947257,Forever Amber Brown (Amber Brown (Paperback)),Paula Danziger
074345829X,Philip Jose Farmer's The Dungeon,Richard A. Lupoff
0786913878,Pool of Radiance: The Ruins of Myth Drannor (Forgotten Realms),Carrie Bebris
0801491827,"Feminism and Suffrage: The Emergence of an Independent Women's Movement in America, 1848-1869",Ellen Carol Dubois
0816729913,Why Are Boys So Weird (Tales from Third Grade),Candice F. Ransom
0843136685,Sheldon &amp; Mrs. Levine: An Excruciating Correspondence,Sam Bobrick
0866119531,Black Beauty (Great Illustrated Classics (Playmore)),Anna Sewell
0866119566,Oliver Twist (Great Illustrated Classics),Charles Dickens
0870441663,The wild ponies of Assateague Island (Books for young explorers),Donna K Grosvenor
1561561428,Frankenstein (Illustrated Classics Series),Mary Wollstonecraft Shelley
0553210092,The Scarlet Letter,NATHANIEL HAWTHORNE
0553258524,Dragonsong (Harper Hall Trilogy),Anne McCaffrey
0688163726,The Watch House,Robert Westall
1569471096,Was It Something I Said?,Valerie Block
055358099X,Cloud Nine,Luanne Rice
0316168815,The Lovely Bones,Alice Sebold
014023828X,The Tortilla Curtain,T. Coraghessan Boyle
0316314927,Sarah Conley,Ellen Gilchrist
0345424719,A Widow for One Year,JOHN IRVING
0375414746,The Clearing,TIM GAUTREAUX
0375726403,Empire Falls,Richard Russo
0385503857,Oryx and Crake,Margaret Atwood
0425156842,Sophie's World: A Novel About the History of Philosophy (Berkeley Signature Edition),Jostein Gaarder
0440226104,Black and Blue,ANNA QUINDLEN
0452277337,Le Divorce (William Abrahams Book),Diane Johnson
0553802488,The Face,DEAN KOONTZ
0671021001,She's Come Undone (Oprah's Book Club),Wally Lamb
0767903579,Falling Leaves: The True Story of an Unwanted Chinese Daughter,Adeline Yen Mah
0805063897,Nickel and Dimed: On (Not) Getting By in America,Barbara Ehrenreich
0679777431,"The Game of Kings (Lymond Chronicles, 1)",DOROTHY DUNNETT
0553285343,"RUSSIA HOUSE, THE",JOHN LE CARRE
0486285529,Solv-A-Crime Puzzles (Dover Game and Puzzle Activity Books),A. C. Gordon
0671002481,The First Wives Club Movie Tie In,Olivia Goldsmith
0812523385,Selected Poems of Emily Dickinson,Emily Dickinson
0895774666,Watercolor School (Reader's Digest Learn-As-You-Go Guides),Hazel Harrison
0020199090,Joshua In the Holy Land,Joseph Girzone
0385495145,The Messenger,JOSEPH GIRZONE
0679733825,Sisters of the Earth: Women's Prose and Poetry About Nature,Lorraine Anderson
0842329129,Left Behind: A Novel of the Earth's Last Days (Left Behind No. 1),Tim Lahaye
0345451260,Househusband,AD HUDLER
0740700235,Life Messages: Inspiration For The Woman's Spirit,Josephine Carlton
0380973545,Letters from a Nut,Ted L. Nancy
0393321576,Karl Marx: A Life,Francis Wheen
0743424425,The Shining,Stephen King
0786868015,The Diary of Ellen Rimbauer: My Life at Rose Red,Joyce Reardon
0446610178,The Sky Is Falling,Sidney Sheldon
0684854953,Santa Pete : A Novel Of Christmas Present And Past,Christopher Moore
0743229878,Mount Vernon Love Story : A Novel of George and Martha Washington,Mary Higgins Clark
0380617625,The Kingdom: Arabia and the House of Sa'Ud,Robert Lacey
0380732335,Florida Road Kill: A Novel,Tim Dorsey
0385337132,The 37th Hour,JODI COMPTON
0440235057,Be Cool,Elmore Leonard
0445402040,The Hunted,Elmore Leonard
0618119760,The Saints of Big Harbour: A Novel,Lynn Coady
0871138646,Old Flames,John Lawton
0026329859,From the Earth: Chinese Vegetarian Cooking,Eileen Yin-Fei Lo
0060621257,Living in the Presence: Disciplines for the Spiritual Heart,Tilden H. Edwards
0060915544,The Bean Trees,Barbara Kingsolver
0060917016,Homeland and Other Stories,Barbara Kingsolver
0060925000,"A Suitable Boy : Novel, A",Vikram Seth
0060932759,Daughter of Fortune,Isabel Allende
0061000280,The Fly on the Wall,Tony Hillerman
0192815318,Cranford (The World's Classics),Elizabeth Gaskell
0312195516,The Red Tent (Bestselling Backlist),Anita Diamant
0380792664,The Right Hand of Amon,Lauren Haney
0393048977,Last Blue: Poems,Gerald Stern
0399137807,The Cat Who Wasn't There,Lilian Jackson Braun
039914739X,Isle of Dogs,Patricia Daniels Cornwell
0451203046,Light a Penny Candle,Maeve Binchy
0451410556,The Blue Last: A Richard Jury Mystery (Richard Jury Mysteries (Paperback)),Martha Grimes
0451523318,Turn of the Screw and Short N,Henry James
0486281965,The Country of the Pointed Firs (Dover Thrift Editions),Sarah Orne Jewett
0486292940,Early Poems (Dover Thrift Editions),William Carlos Williams
051762639X,Barchester Towers (Oxford Pocket Classics),Anthony Trollope
0684824442,REEF,Edith Wharton
0743458303,Wednesday the Rabbi Got Wet,Harry Kemelman
081296666X,Things My Girlfriend and I Have Argued About: A Novel,Mil Millington
0819215635,Listening Hearts: Discerning Call in Community,Suzanne G. Farnham
0880011025,Unattainable Earth,Czeslaw Milosz
1561011525,"The Practice of Prayer (New Church's Teaching Series, Vol 4)",Margaret Guenther
1877727083,Vertical Poetry: Recent Poems,Roberto Juarroz
0486206173,Rubinstein's Chess Masterpieces,Akiba Rubinstein
0312278586,The Nanny Diaries: A Novel,Emma McLaughlin
8845229041,Biblioteca Universale Rizzoli: Sulla Sponda Del Fiume Piedra,P Coelho
887641486X,I Giorni Dell'abbandono,Elena Ferrante
0140370900,The Gizmo,Paul Jennings
0674511255,The Last Best Hope of Earth: Abraham Lincoln and the Promise of America,"Mark E., Jr. Neely"
0030096189,Organic Chemistry (Saunders Golden Sunburst Series),Stephen J. Weininger
0312965745,Secrets of St. John's Wort: A Lynn Sonberg Book,Larry Katzenstein
0345374657,Diet for a Poisoned Planet: How to Choose Safe Foods for You and Your Family,David Steinman
0395710901,"Punished by Rewards: The Trouble With Gold Stars, Incentive Plans, A'S, Praise, and Other Bribes",Alfie Kohn
080521061X,Montessori Today: A Comprehensive Approach to Education from Birth to Adulthood,Paula Polk Lillard
0823032612,Oil Painting Techniques (Artist's Painting Library),David Lewis
0679310002,Going down swinging,Billie Livingston
0312288115,Confessions of a Sociopathic Social Climber : The Katya Livingston Chronicles (Katya Livingston Chronicles (Hardcover)),Adele Lang
0316171107,Like a Hole in the Head,Jen Banbury
0380710218,Postmortem,Patricia Daniels Cornwell
0515118656,The Cove,Catherine Coulter
0553289063,An Inconvenient Woman,Dominick Dunne
0671000306,Shock Wave (Dirk Pitt Adventures (Paperback)),Clive Cussler
0671673688,While My Pretty One Sleeps,Mary Higgins Clark
1561672033,Antipodes 10,John Pascal
0425178242,Kick Ass: Selected Columns of Carl Hiaasen,Carl Hiaasen
0618173870,Everything Is Illuminated: A Novel,Jonathan Safran Foer
0156027321,Life of Pi,Yann Martel
0375403582,Rules of the Wild,Francesca Marciano
0385721420,Three Junes,JULIA GLASS
0451202341,Back Roads,Tawni O'Dell
0743418190,In Her Shoes : A Novel,Jennifer Weiner
0385335407,The Kiss,Danielle Steel
0965746828,Home Spun: A Collection,Leon Hale
0060923245,Sweet Hereafter Movie Tie-In : A Novel,Russell Banks
0486272664,The Rime of the Ancient Mariner and Other Poems,Samuel Taylor Coleridge
0786015276,11th Hour,Bradley Warshauer
0060913509,In Country RI,Bobbie Ann Mason
0553272837,Brazen Virtue,Nora Roberts
0440225078,Ghost Moon,Karen Robards
0312145543,Brewing Up a Storm: A John Thatcher Mystery,Emma Lathen
0425181111,Strangers,Dean R. Koontz
0380732688,Milk and Honey (Peter Decker/Rina Lazarus Novels),Faye Kellerman
0140286276,The Deep End of the Ocean (Oprah's Book Club),Jacquelyn Mitchard
0373484100,Night Tales,Nora Roberts
0449907481,A Thousand Acres (Ballantine Reader's Circle),JANE SMILEY
0553107305,Chopping Spree,DIANE MOTT DAVIDSON
080213825X,Four Blondes,Candace Bushnell
0515127833,River's End,Nora Roberts
0345441133,Summer Island,KRISTIN HANNAH
0515134279,The Straw Men,Michael Marshall
0945586051,The Doctor the Patient: The Personal Journey of a Physician With Cancer,Allen Widome
0385490992,The Street Lawyer,John Grisham
0385424728,The Chamber,John Grisham
0312980388,Warlock : A Novel of Ancient Egypt,Wilbur Smith
0590419625,The Teacher from the Black Lagoon,Mike Thaler
0385472951,The Partner,John Grisham
0451195663,Primal Scream,Michael Slade
0425182878,Chosen Prey,John Sandford
0553564528,Guilty as Sin,TAMI HOAG
055356451X,Night Sins,TAMI HOAG
0743412621,The Second Time Around : A Novel,Mary Higgins Clark
0849943728,Three,Ted Dekker
0849943450,The Canopy,Angela Elwell Hunt
084994371X,Blink,Ted Dekker
0590406019,Last Battle,C. S. Lewis
0020442408,Prince Caspian,C. S. Lewis
0553225987,Robert's Rules of Order,William Eisner
042517736X,Abduction,Robin Cook
0671868713,And Never Let Her Go : Thomas Capano: The Deadly Seducer,Ann Rule
038549825X,Not a Day Goes By : A Novel,E. LYNN HARRIS
0553202294,Sun Signs,Linda Goodman
0345313860,"The Vampire Lestat (Vampire Chronicles, Book II)",ANNE RICE
0345369947,The Mummy or Ramses the Damned,Anne Rice
067170124X,HIS LITTLE WOMEN : HIS LITTLE WOMEN,Judith Rossner
0345353625,Her Mother's Daughter,Marilyn French
0308102282,Your Erroneous Zones,Wayne W. Dyer
006017143X,The Night Listener,Armistead Maupin
0805056491,Organizing from the Inside Out,Julie Morgenstern
0679401377,The Hellfire Club,Peter Straub
1562827049,"The Diary of Jack the Ripper/the Discovery, the Investigation, the Debate",Jack
0385306032,Vanished,Danielle Steel
0816152446,The Women in His Life (G K Hall Large Print Book Series),Barbara Taylor Bradford
0821772953,The Morning After,Lisa Jackson
0345379454,Missing Susan,SHARYN MCCRUMB
0553576925,Hiding in the Shadows (Shadows Trilogy (Paperback)),Kay Hooper
0743206053,Kitchen Privileges : A Memoir,Mary Higgins Clark
0688169678,We Are Our Mothers' Daughters,Cokie Roberts
0439319552,Horus's Horrible Day (First Graders from Mars),Shana Corey
0590870157,My Garden (Beginning Literacy),Jesse S. Ostrow
0307001164,101 Dalmatians,Justine Korman
0440441501,In the Dinosaur's Paw (Kids of the Polk Street School),PATRICIA REILLY GIFF
0590687301,Ralph S. Mouse,Beverly Cleary
0439061644,"The First Journey (Animorphs. Alternamorphs, 1)",K. A. Applegate
0439569842,How Do Dinosaurs Learn to Read,Jane Yolen
0307118703,My First Book about Space (Golden Look-Look Books (Paperback)),Dinah L. Moche
0590418858,You Be the Jury #02,Marvin Miller
030720152X,Comic Characters,Craig Boldman
0816728739,The Time Machine (Troll Illustrated Classics),H. G. Wells
0865050880,I Like School (in My World Series),Bobbie Kalman
0812519655,Sacred Ground,Mercedes Lackey
0812524853,Burning Water (Burning Water),Mercedes Lackey
0449211770,The Tightrope Walker,Dorothy Gilman
193072229X,MoveOn's 50 Ways to Love Your Country: How to Find Your Political Voice and Become a Catalyst for Change,Moveon
0812521129,Children of the Night,Mercedes Lackey
0345251733,Rainbow the Stormy Life of Judy Garland,Christopher Finch
1400077826,Cold Mountain (MTI) (Vintage Contemporaries),CHARLES FRAZIER
0312995431,A Fountain Filled With Blood (A Rev. Clare Ferguson Mystery),Julia Spencer-Fleming
0312312628,Out of the Deep I Cry : A Clare Fergusson/Russ Van Alstyne Mystery,Julia Spencer-Fleming
0446394521,Daisy Fay and the Miracle Man,Fannie Flagg
0590021117,Little House On the Prairie,Laura Ingall Wilder
068484267X,Angela's Ashes: A Memoir,Frank McCourt
0553578693,The Next Accident,LISA GARDNER
0380709260,Socks (Cleary Reissue),Beverly Cleary
0807565288,"The Pet Shop Mystery (Boxcar Children Special (Paper), No 7)",Gertrude Chandler Warner
0312986769,In the Bleak Midwinter (A Rev. Clare Ferguson Mystery),Julia Spencer-Fleming
0345413377,"The Amber Spyglass (His Dark Materials, Book 3)",PHILIP PULLMAN
0345413369,"The Subtle Knife (His Dark Materials, Book 2)",PHILIP PULLMAN
0679893105,"The Golden Compass (His Dark Materials, Book 1)",PHILIP PULLMAN
0061096091,Eyeshot,Lynn S. Hightower
0345369068,"If Ever I Return, Pretty Peggy-O",Sharyn McCrumb
0451184718,The Rosewood Casket,Sharyn McCrumb
0449209121,The Amazing Mrs. Pollifax,Dorothy Gilman
0060938455,Fast Food Nation: The Dark Side of the All-American Meal,Eric Schlosser
080411952X,The Unsung Hero,Suzanne Brockmann
0060575808,"Two Princesses of Bamarre, The",Gail Carson Levine
0060558865,Ella Enchanted (rack),Gail Carson Levine
0767912918,Passing for Thin : Losing Half My Weight and Finding My Self,FRANCES KUFFEL
0553298860,Bloodlines (Dog Lover's Mysteries),Susan Conant
0385335679,Kissing in Manhattan,DAVID SCHICKLER
0440122090,Echoes,Maeve Binchy
0671525832,Someone to Watch Over Me : A Novel,Judith McNaught
0553279572,The Toynbee Convector,Ray Bradbury
0061009059,One for the Money (Stephanie Plum Novels (Paperback)),Janet Evanovich
0060930187,The Bell Jar : A Novel (Perennial Classics),Sylvia Plath
0516076272,A polar bear called Pingo,Ilona Koidahl
0679450432,Dark Lady,Richard North Patterson
0821775863,The Future Scrolls,Fern Michaels
0821770209,About Face,Fern Michaels
0670855758,Tarot Says Beware (A Herculeah Jones Mystery),Betsy Byars
0553562819,Globalhead,Bruce Sterling
0446364193,Along Came a Spider (Alex Cross Novels),James Patterson
0446519138,Simple Abundance:  A Daybook of Comfort and Joy,Sarah Ban Breathnach
0425179672,The River King,Alice Hoffman
0061042943,Final Appeal,Lisa Scottoline
0399144463,Who Moved My Cheese? An Amazing Way to Deal with Change in Your Work and in Your Life,Spencer Johnson
0965404560,Atonement,Ian McEwan
006015781X,Why Do Clocks Run Clockwise? and Other Imponderables: Mysteries of Everyday Life Explained,David Feldman
0060930705,Someone to Watch Over Me : Stories,Richard Bausch
0312206763,Stately Pursuits,Katie Fforde
0316116025,The Pinball Effect: How Renaissance Water Gardens Made the Carburetor Possible-And Other Journeys Through Knowledge (Pinball Effect),James Burke
0156013967,"My Father, Dancing (Harvest Book)",Bliss Broyard
0385314019,Women on the Case,Sara Paretsky
0743444167,New Cardiff,Charles Webb
0618231617,Almost: A Novel,Elizabeth Benedict
1567920047,A Tally of Types: With Additions by Several Hands ; And With a New Introduction by Mike Parker,Stanley Morison
0811203220,Stand Still Like the Hummingbird,Henry Miller
1573229148,Crossing the Unknown Sea: Work As a Pilgrimage of Identity,David Whyte
0787955671,The Future of Leadership: Today's Top Leadership Thinkers Speak to Tomorrow's Leaders,Warren  Bennis
0425174484,"Expecting Adam: A True Story of Birth, Rebirth, and Everyday Magic",Martha Beck
0385496907,No Future Without Forgiveness,Desmond Mpilo Tutu
0446523992,"A Call to Conscience : The Landmark Speeches of Dr. Martin Luther King, Jr.",Kris Shepard
0140185216,On the Road (Penguin 20th Century Classics),Jack Kerouac
0684717255,I And Thou,Martin Buber
0486272745,The Prince (Dover Thrift Editions),NiccolÃ² Machiavelli
8807120194,"Sarajevo, maybe (Anni Novanta/Feltrinelli)",Gianfranco Bettin
0062507249,Becoming a Man : Half a Life Story,Paul Monette
0684801221,OLD MAN AND THE SEA,Ernest Hemingway
1576737357,Diary of a Teenage Girl - Becoming Me : Diary Number 1 (Diary of a Teenage Girl),Melody Carlson
0060083298,The Dominant Blonde,Alisa Kwitney
0446672211,Where the Heart Is (Oprah's Book Club (Paperback)),Billie Letts
0140293248,The Girls' Guide to Hunting and Fishing,Melissa Bank
0807070718,Rena's Promise: A Story of Sisters in Auschwitz,Rena Kornreich Gelissen
0743213831,America the Beautiful: A Novel,Moon Unit Zappa
0345305477,Easy Travel to Other Planets,Ted Mooney
0061080519,The Mist and the Magic (Harper Monogram),Susan Wiggs
0142000205,Icy Sparks,Gwyn Hyman Rubio
0316735027,The True and Outstanding Adventures of the Hunt Sisters: A Novel,Elisabeth Robinson
193156146X,The Time Traveler's Wife,Audrey Niffenegger
015600710X,Strange Fits of Passion: A Novel,Anita Shreve
0062517856,The Monk Downstairs: A Novel,Tim Farrington
0679767789,Lost in Place: Growing Up Absurd in Suburbia,Mark Salzman
0449911683,My Name Is Asher Lev,Chaim Potok
0425169626,Waking the Dead,Scott Spencer
0449207757,Davita's Harp,Chaim Potok
0449245691,The Book of Lights,Chaim Potok
0140029400,The Mimic Men,V. S. Naipaul
0140021566,The Mystic Masseur,V.S. Naipaul
2253004022,Regain,Jean Giono
2253005274,Le Grand Meaulnes (Classiques De Poche),Alain-Fournier
225300670X,A l'Ouest rien de nouveau,Erich Maria Remarque
2266084372,Pourquoi j'ai mangÃ?Â© mon pÃ?Â¨re,Lewis
2070362388,Ravage,Rene Barjavel
2266029460,Voyage d'une parisienne Ã?Â  Lhassa,Alexandra David-NÃ?Â©el
2253007102,Les Fleurs Du Mal,C. Baudelaire
2070417743,Chroniques martiennes,Ray Bradbury
2266033689,Le Diable Au Corps,Raymond Radiguet
2070384349,La Faute de l'abbÃ?Â© Mouret,Emile Zola
207053880X,L'Homme Qui Plantait Des Arbres,Jean Giono
2070334368,La Guerre Des Boutons,Pergaud
2290314951,Paroles de Poilus : Lettres et carnets du front 1914-1918,Collectif
229000510X,Une porte sur l'Ã?Â©tÃ?Â©,Robert A. Heinlein
3492207006,Die Entdeckung der Langsamkeit.,Sten Nadolny
3499177757,Die Grenzen des Geschlechts: Anleitungen zum Sturz des internationalen Patriarchats : Amnesty for Women (Rororo Sachbuch),Cheryl Benard
3889774016,Frauen der Welt: Vom Fortschritt der Ungleichheit,Christa Wichterich
3502670005,I Ging. Das Buch der Wandlung. Das groÃ?Â?e Weisheits- und Orakelbuch der alten Chinesen.,John. Blofeld
0905762487,African Women: Their Struggle for Economic Independence,Christine Obbo
3499222604,Die globalisierte Frau: Berichte aus der Zukunft der Ungleichheit (Frauen aktuell),Christa Wichterich
3746670055,"Women are the Niggers of the World: Ã¼ber Frauen, Herrenmenschen und Nietzsches Peitsche (AtV Dokument und Essay)",Peter B Heim
0140620427,Sense and Sensibility (Penguin Popular Classics),Jane Austen
3596144434,Der gemietete Mann.,Hera Lind
3442724686,Der Gott der kleinen Dinge.,Arundhati Roy
0385504209,The Da Vinci Code,Dan Brown
0446525502,The Rescue,Nicholas Sparks
0385500769,A Map of the World,Jane Hamilton
0399147012,Edge of Danger,Jack Higgins
0670892963,Bridget Jones : The Edge of Reason,Helen Fielding
0688180639,Vinegar Hill (Oprah's Book Club (Hardcover)),A. Manette Ansay
0316789089,The Pilot's Wife : A Novel Tag: Author of the Weight of Water (Oprah's Book Club (Hardcover)),Anita Shreve
0451197275,Saving Private Ryan: A Novel,Max Allan Collins
0425184129,Big Trouble,Dave Barry
0151001006,Snow Falling on Cedars,David Guterson
0385505833,Skipping Christmas,JOHN GRISHAM
0679442790,The Reader,Bernhard Schlink
0525943862,Cheaters,Eric Jerome Dickey
0609605925,Angel Falls,KRISTIN HANNAH
0060191929,The Saving Graces : A Novel,Patricia Gaffney
0743206045,Daddy's Little Girl,Mary Higgins Clark
0684864843,The Vineyard : A Novel,Barbara Delinsky
0684867818,The Looking Glass : A Novel (The Locket Series),Richard Paul Evans
0743406176,If Only It Were True,Marc Levy
0380978539,"Dear Stranger, Dearest Friend",Laney Katz Becker
0679603352,The Cider House Rules: A Novel (Modern Library),John Irving
0679410430,Lolita (Everyman's Library (Cloth)),VLADIMIR NABOKOV
0446523569,Message in a Bottle,Nicholas Sparks
0671042556,Blackbird: A Childhood Lost and Found,Jennifer Lauck
0679450440,Protect and Defend,Richard North Patterson
0140107649,Blue Heaven (Contemporary American Fiction S.),Joe Keenan
0609606727,Julie and Romeo,Jeanne Ray
0446527793,The Guardian,Nicholas Sparks
0446531332,Nights in Rodanthe,Nicholas Sparks
1570717257,Man and Boy,Tony Parsons
0060192631,One Heart,Jane McCafferty
0385420161,"Like Water for Chocolate: A Novel in Monthly Installments, With Recipes, Romances, and Home Remedies",Laura Esquivel
0345339711,"The Two Towers (The Lord of the Rings, Part 2)",J.R.R. TOLKIEN
052594463X,All of Me: A Voluptuous Tale,Venise T. Berry
039304016X,The Perfect Storm: A True Story of Men Against the Sea,Sebastian Junger
0399147128,The Villa,Nora Roberts
0670031046,In This Mountain,Jan Karon
0394574745,"All the Pretty Horses (Border Trilogy, Vol 1)",Cormac McCarthy
0316969443,Suzanne's Diary for Nicholas,James Patterson
0743230051,He Sees You When You're Sleeping : A Novel,Mary Higgins Clark
0316693200,2nd Chance,James Patterson
0684868911,The Carousel : A Novel,Richard Paul Evans
0842336214,The Promise Remains,Travis Thrasher
0399148582,You Cannot Be Serious,John McEnroe
0684864320,LAKE NEWS : A Novel,Barbara Delinsky
0525944834,Liar's Game,Eric Jerome Dickey
0345428900,Out of the Blue,Sally Mandel
0451176812,Voice of the Eagle,Linda Lay Shuler
0671525794,The Kingdom by the Sea: A Journey Around Great Britain,Paul Theroux
0718144538,Shattered Uk,Dick Francis
0446602086,The Proud and the Free,Janet Dailey
0394551427,Shoah,Claude Lanzmann
0064407667,"The Bad Beginning (A Series of Unfortunate Events, Book 1)",Lemony Snicket
0007100221,TERROR FIRMA,Matthew Thomas
2253148539,Le Loup-garou,Boris Vian
2253043974,Chronique d'une mort annoncÃ?Â©e,Gabriel Garcia Marquez
2020315491,Le neveu d'AmÃ?Â©rique,Luis SepÃ?Âºlveda
0747549923,Last Exit to Brooklyn,Hubert Selby
0743462335,More George W. Bushisms: More Verbal Contortions from America's 43rd President,Jacob Weisberg
0140253580,Therapy,David Lodge
0947782141,Scottish Ghosts,Judy Hamilton
057120354X,Awful End (Eddie Dickens Trilogy S.),Philip Ardagh
0349101779,The Wasp Factory,Iain Banks
0743222229,George W. Bushisms : The Slate Book of The Accidental Wit and Wisdom of our 43rd President,Jacob Weisberg
185479549X,The World's Stupidest Laws,David Crombie
0140292918,"Of Mice and Men (Steinbeck \Essentials\"")""",John Steinbeck
1854795554,The World's Stupidest Signs,Michael O'Mara
1858813093,Nessie: The Loch Ness Monster,Richard Brassey
2871290911,"XIII, tome 13, L'enquÃ?Âªte : the XIII mystery",Jean Van Hamme
0198604025,How Not to Say What You Mean: A Dictionary of Euphemisms (Oxford Paperback Reference S.),R. W. Holder
1842151053,Cooking for One (Cook's Essentials),Valerie Ferguson
2253063339,Les Fourmis,Bernard Werber
1860198597,How to Draw Celtic Knotwork: A Practical Handbook,Andy Sloss
0767908473,The Sorcerer's Companion: A Guide to the Magical World of Harry Potter,ALLAN ZOLA KRONZEK
1842040154,Celtic Myths and Legends,Charles L. Squire
0140622063,Scottish Folk and Fairy Tales (Penguin Popular Classics),Gordon Jarvie
0571209521,Terrible Times (Eddie Dickens Trilogy S.),Philip Ardagh
2264009306,CantilÃ¨nes en gelÃ©e ; Barnum's digest ; Vingt poÃ¨mes inÃ©dits (10/18 [i.e. Dix/dix-huit] ; 517),Boris Vian
1841952931,Glasgow Zen,Alan Spence
0890877564,Totally Muffins Cookbook (Totally Cookbooks),Helene Siegel
1405200677,Tigger's Little Book of Diet and Exercise,E.H. Shepard
0416196772,Eeyore's Little Book of Gloom,Alan Alexander Milne
0747538069,The Adventures of Dougal,Eric Thompson
0375501347,Amy and Isabelle,Elizabeth Strout
0060927240,"Rule of the Bone : Novel, A",Russell Banks
0316776963,Me Talk Pretty One Day,David Sedaris
156341029X,Stone Butch Blues,Leslie Feinberg
0060934719,stardust,Neil Gaiman
1886383421,Fires of Aggar,Chris Anne Wolfe
1888451084,Kamikaze Lust,Lauren Sanders
0451450256,Gossamer Axe,Gael Baudino
1555835953,Witchfire,Lauren Maddison
0395877563,Seven Moves,Carol Anshaw
0962893862,Return to Isis,Jean Stewart
1555834531,Hood,Emma Donoghue
0393318435,Leaving Pipe Shop: Memories of Kin,Deborah McDowell
0889740828,Love Ruins Everything: A Novel,Karen X. Tulchinsky
1563410443,"Skin: Talking About Sex, Class &amp; Literature",Dorothy Allison
1563899388,"Death: At Death's Door (Vertigo, Number 1)",Jill Thompson
1563411148,The Second Coming of Curly Red,Jody Seay
0553579681,Night Mares,Manda Scott
0553579673,Hen's Teeth,Manda Scott
0451181379,The Door to December,Dean R. Koontz
0786889160,"No Shirt, No Shoes, No Problem!",Jeff Foxworthy
0345370740,The Scions of Shannara (Heritage of Shannara (Paperback)),Terry Brooks
0553574175,Star Wars the Rebel Dawn: The Han Solo Trilogy (Star Wars: Han Solo Trilogy (Paperback)),A.C. Crispin
0553574167,"The Hutt Gambit (Star Wars: The Han Solo Trilogy, Vol. 2)",A. C. Crispin
0553574159,"The Paradise Snare (Star Wars: The Han Solo Trilogy, Volume 1)",A. C. Crispin
0312287240,A Year of Full Moons,Madelyn Arnold
0679801146,Alanna: The First Adventure (Song of the Lioness (Paperback)),Tamora Pierce
0446300101,"The Beans of Egypt, Maine",Carolyn Chute
0821750410,Warrior Moon,Sara Orwig
0425142485,The Funhouse,Dean R. Koontz
0451456548,Cold Iron,Melisa Michaels
0060006048,Circle of Three #12: Written in the Stars (Circle of Three),Isobel Bird
0312906552,The Space Merchants,Frederik Pohl
0440117291,DREAMSNAKE,VONDA MCINTYRE
0425049981,Titan,John Varley
0374386676,The Year They Burned the Books,Nancy Garden
0786886463,A Density of Souls,Christopher Rice
0345395379,Slow River,Nicola Griffith
0380788497,Changer,Jane Lindskold
0307215342,Trixie Belden and the Mystery Off Glen Road (Mystery Off Glen Road),Julie Campbell
0374343381,Lark in the Morning,Nancy Garden
0345403339,Saving Grace,LEE SMITH
0440226694,Lena (50 State Quarters),JACQUELINE WOODSON
0440219604,I Hadn't Meant to Tell You This,Jacqueline Woodson
0767903285,Raise the Roof: The Inspiring Inside Story of the Tennessee Lady Vols' Undefeated 1997-98 Season,Pat Head Summitt
0345429176,"Ufos, JFK and Elvis: Conspiracies You Don't Have to Be Crazy to Believe",Richard Belzer
038529929X,Hannibal,Thomas Harris
1573229571,About a Boy (Movie Tie-In),Nick Hornby
0345418778,Mostly Harmless,Douglas Adams
0517201658,The Thorn Birds (Modern Classics),Colleen McCullough
0743211383,Dreamcatcher,Stephen King
039914370X,Sudden Mischief (Spenser Mysteries (Hardcover)),Robert B. Parker
1884777805,Elements of Programming With Perl,Andrew L. Johnson
0312977905,To Catch a Cat,Marian Babson
0812521331,"People of the Wolf (The First North Americans series, Book 1)",W. Michael Gear
0451205421,The Door to December,Dean R. Koontz
0894342789,College Majors and Careers: A Resource Guide for Effective Life Planning (College Majors and Careers),Paul Phifer
0440218535,Smilla's Sense of Snow,Peter Hoeg
0449207595,The Grass Is Always Greener over the Septic Tank,Erma Bombeck
8806142267,Viaggi del tempo immobile (I coralli),Roberto Vecchioni
0670844594,Rumpole on Trial,John Mortimer
039457513X,Billy Bathgate,E. L. Doctorow
0394559487,Citizens: A Chronicle of the French Revolution,Simon Schama
0804001944,The Man Who Killed the Deer,Frank Waters
0590897985,The Music of Dolphins (Apple Signature Edition),Karen Hesse
0689832877,Sunwing (Aladdin Fantasy),Kenneth Oppel
0689829698,Caddie Woodlawn - Newbery Promo '99 (Aladdin Fiction),Carol Ryrie Brink
0439042917,The Hork-Bajir Chronicles (Animorphs Series),K. A. Applegate
0064409457,The Silver Chair (full color) (Narnia),C. S. Lewis
0064405052,The Magician's Nephew (Narnia),C. S. Lewis
043922165X,"Circles in the Stream (Avalon: Web of Magic, 1)",Shelly R. Roberts
0152162445,High Wizardry: The Third Book in the Young Wizards Series,Diane Duane
0152162577,Deep Wizardry: The Second Book in the Young Wizards Series,Diane Duane
015216250X,So You Want to Be a Wizard: The First Book in the Young Wizards Series,Diane Duane
1562477528,Going for Great (Ag Fiction (American Girl)),Carolee Brockmann
0439221676,"All That Glitters (Avalon, 2)",Rachel Roberts
0439221684,"Cry of the Wolf (Avalon, 3)",Rachel Roberts
0439221714,"The Secret of the Unicorn (Avalon Web of Magic, 4)",Rachel Roberts
0439221706,Avalon: Web Of Magic #5: Spellsinger,Rachel Roberts
0439221730,Trial by Fire,Rachel Roberts
0440415993,"Ties That Bind, Ties That Break (Laurel-Leaf Books)",Lensey Namioka
0895872102,"The Hauntings of Williamsburg, Yorktown, and Jamestown",Jackie Eileen Behrend
068983585X,The Janitor's Boy,Andrew Clements
0345391802,The Hitchhiker's Guide to the Galaxy,Douglas Adams
0440219078,The Giver (21st Century Reference),LOIS LOWRY
185424597X,The Heavenly Man: The Remarkable True Story of Chinese Christian Brother Yun,Paul Hattaway
2080105434,The Little Book of Chocolate (Little Book Of...(Flammarion)),Alain Stella
349913358X,Das Schlampenbuch. ErzÃ?Â¤hlungen. ( neue frau).,Milena Moser
3257201761,Die zwei Gesichter des Januars.,Patricia Highsmith
3404121686,Nacht Ã?Â¼ber den Wassern.,Ken Follett
3404118960,Die SÃ?Â¤ulen der Erde. Roman.,Ken Follett
0345356578,A Man Rides Through (Man Rides Through),Stephen Donaldson
0345346971,Mirror of Her Dreams (Mordant's Need),STEPHEN R. DONALDSON
0753804700,Reader,Bernhard Schlink
0451155750,The Dead Zone,Stephen King
0786890436,The Diary of Ellen Rimbauer: My Life at Rose Red,Ellen Rimbauer
0415928087,A New Germany in a New Europe,Todd Herzog
0521427150,"Belonging in the Two Berlins : Kin, State, Nation (Cambridge Studies in Social and Cultural Anthropology)",John Borneman
0812923278,The Great Depression : America 1929-1941,ROBERT S. MCELVAINE
0884111342,Lady of the Shroud,Bram Stoker
0345428544,"Dark Tide I: Onslaught (Star Wars: The New Jedi Order, Book 2)",Michael A. Stackpole
0671694049,LONG DARK TEA TIME OF THE SOUL,Douglas Adams
080901582X,The Return of Simple,Langston Hughes
0449006557,Half Moon Street (Charlotte &amp; Thomas Pitt Novels (Paperback)),Anne Perry
0373250339,A Minor Indiscretion (Red Dress Ink (Paperback)),Carol Matthews
0380820447,"For Better, for Worse: A Novel",Carole Matthews
0385497679,Hidden in Plain View: A Secret Story of Quilts and the Underground Railroad,Jacqueline L. Tobin
0451454243,The Forest House,Marion Zimmer Bradley
0941423042,American Poetry Since 1970: Up Late,Andrei Codrescu
0373871562,Twin Blessings (Love Inspired (Numbered)),Carolyne Aarsen
0553101439,West of Dodge: Frontier Stories,Louis L'Amour
0898151910,"How to Make $1,000 a Minute: Negotiating Salaries and Raises",Jack Chapman
0835949362,Non-manipulative selling,Anthony J Alessandra
0880701102,Come Before Winter and Share My Hope,Charles R. Swindoll
039914563X,The Bear and the Dragon,Tom Clancy
0312853238,Ender's Game (Ender Wiggins Saga (Paperback)),Orson Scott Card
0688048730,Thinking on paper,V. A Howard
0425161722,Net Force,Tom Clancy
0385493800,The Testament,John Grisham
0849916399,The Internet Church,Walter P. Wilson
1928791107,The Mp3 and Internet Audio Handbook: Your Guide to the Digital Music Revolution,Bruce Fries
067175145X,The Way Things Ought to Be,"Rush H., III Limbaugh"
0440211727,A Time to Kill,JOHN GRISHAM
0877192820,The Truth About Texas: Who Needs to Brag? We'Ve Got the Facts,Anne Dingus
0380002450,Awakening,Kate Chopin
0793133955,Wall Street's Picks for 2000: An Insider's Guide to the Year's Best Stocks &amp; Mutual Funds (Wall Street's Picks),Kirk Kazanjian
0394178017,Poetics of the New American Poetry,Donald Merriam Allen
0425134350,Patriot Games,Tom Clancy
0385479689,Dead Men Do Tell Tales: The Strange and Fascinating Cases of a Forensic Anthropologist,William Maples
0380754851,Moonlighting: 148 Great Ways to Make Money on the Side,Carl Hausman
0380538504,Amanda Miranda,Richard Peck
044661162X,Chasing the Dime,Michael Connelly
0671742566,Tender Triumph (Sonnet Books),Judith McNaught
0515122408,The Cat Who Tailed a Thief,Lilian Jackson Braun
0440222818,Guilt,John T. Lescroart
0451204050,On Secret Service,John Jakes
038533334X,Charming Billy,Alice McDermott
0449131548,All the Days of My Life,Hilary Bailey
0440120470,The Dinner Party,Howard Fast
0451188209,A Palette for Murder: Murder She Wrote (Murder She Wrote (Paperback)),Jessica Fletcher
0440130913,Golden Cup,Belva Plain
0449001954,Murder at the Library of Congress (Capital Crimes (Paperback)),Margaret Truman
0345404777,No Safe Place,RICHARD NORTH PATTERSON
0451185277,Thorns of Truth,Eileen Goudge
0440224829,Granny Dan,DANIELLE STEEL
0671779338,Border Bride,Arnette Lamb
0515134368,The Penwyth Curse,Catherine Coulter
0380759497,Xanth 15: The Color of Her Panties,Piers Anthony
3442098424,Der FÃ?Â¼rst der Finsternis. Roman.,Anne Rice
0394578791,A Reporter's Life,WALTER CRONKITE
1558505377,Jacob Marley's Christmas Carol,Tom Mula
0373245696,"Practice Makes Pregnant   Manhattan Multiples (Silhouette Special Edition, 1569)",Lois Faye Dyer
0743201078,"The Secret Lives of Girls: What Good Girls Really Do--Sex Play, Aggression, and Their Guilt",Sharon Lamb
068983571X,Hound of the Baskervilles (Aladdin Classics),Sir Arthur Conan Doyle
0553256785,SLEEPING MURDER,AGATHA CHRISTIE
0892967994,The Fractal Murders (Pepper Keane Mysteries),Mark Cohen
0061064505,"Blowtorch Psycho.Com (Bone Chillers, No 18)",Sherry Shahan
1551668785,Final Stand,Helen Myers
0836230868,Christmas : A Holiday Treasury,Della Rowland
0381999866,Magic House of Numbers.,Irving. Adler
0380817144,Lord of the Silent: A Novel of Suspense,Elizabeth Peters
0380752115,Whisper to Me of Love,Shirlee Busbee
0553212583,Wuthering Heights,EMILY BRONTE
0446364762,The Stars Shine Down,Sidney Sheldon
0425166619,Toxin,Robin Cook
061312975X,This Present Darkness,Frank E. Peretti
0765341972,The Mothman Prophecies,John A. Keel
0590514776,Meet the Stars of Buffy the Vampire Slayer,Stefanie Scott
0373037430,Rush to the Altar  (Twin Brides),Rebecca Winters
