AddressID,first_name,last_name,type
1,Kristina,Dickson,Patron
2,Michelle,Bernard,Patron
3,Jenna,Owens,Patron
4,Lisa,Myers,Patron
5,Diane,Martin,Patron
6,Jill,Goodman,Patron
7,George,Williams,Patron
8,Robert,King,Patron
9,John,Blair,Patron
10,Jade,Anderson,Patron
11,Stephanie,Johnson,Patron
12,Jeffrey,Weiss,Patron
13,Stacy,Lane,Patron
14,Kenneth,Compton,Librarian
15,Jill,Short,Patron
16,Breanna,Taylor,Patron
17,Julie,Rasmussen,Patron
18,Dawn,Ross,Patron
19,Tammy,Meadows,Patron
20,Kevin,Peters,Patron
21,Ryan,Cole,Patron
22,Dennis,Martinez,Patron
23,Mariah,Gonzalez,Patron
24,Alyssa,Green,Librarian
25,Shelley,Fernandez,Patron
26,Patricia,White,Patron
27,Gregory,Ramirez,Patron
28,Michael,Clark,Patron
29,Christopher,Marsh,Patron
30,Brittany,Russell,Patron
31,Samuel,Miller,Patron
32,Terri,Kim,Patron
33,Carmen,Brooks,Patron
34,Jaclyn,Wood,Patron
35,Nathan,Wilson,Patron
36,Anne,Fields,Patron
37,Gene,Carlson,Patron
38,Rebecca,Young,Librarian
39,Dana,Taylor,Patron
40,Nicole,Adams,Patron
41,Peggy,Evans,Librarian
42,Ashley,Lindsey,Patron
43,Jennifer,Murphy,Patron
44,Cynthia,Mitchell,Patron
45,Michael,Howell,Patron
46,Daniel,Thompson,Patron
47,Logan,Leblanc,Patron
48,Jennifer,Flores,Patron
49,Haley,Wong,Patron
50,Bobby,Floyd,Patron
51,Michael,Rivera,Patron
52,Karen,Cannon,Patron
53,Jodi,Riddle,Patron
54,Betty,Klein,Patron
55,Kelly,Morrison,Patron
56,Julie,Bradley,Patron
57,Colleen,Nguyen,Patron
58,Laura,Vasquez,Patron
59,Michael,Everett,Patron
60,Karl,Curry,Patron
61,Brian,Brown,Patron
62,Tony,Howe,Patron
63,Destiny,Graves,Patron
64,Evelyn,Miller,Patron
65,Ryan,Martinez,Patron
66,Lindsay,Phillips,Librarian
67,Edward,Scott,Patron
68,Caleb,Huang,Patron
69,Thomas,Fowler,Patron
70,Travis,Powell,Patron
71,Julie,Williams,Patron
72,Kevin,Green,Patron
73,Denise,Moreno,Patron
74,James,Jacobs,Patron
75,Mary,Floyd,Patron
76,David,Lopez,Patron
77,Brett,Owen,Librarian
78,Angela,Carrillo,Patron
79,James,Carlson,Patron
80,Anthony,Lee,Patron
81,Sean,Thomas,Patron
82,Jeffrey,Dean,Patron
83,Kara,Briggs,Patron
84,Jessica,Ramos,Patron
85,Hannah,Barnett,Patron
86,Joshua,Wright,Librarian
87,Gregory,Schmidt,Patron
88,Adam,West,Patron
89,Jeffery,Rosales,Patron
90,Valerie,Harris,Patron
91,Travis,Sampson,Patron
92,Amy,Meyers,Patron
93,Wendy,Khan,Patron
94,Ernest,Blankenship,Patron
95,Ashley,Johnson,Patron
96,Rachel,Carter,Patron
97,Katie,Gregory,Patron
98,Gilbert,Cook,Patron
99,Laura,Brown,Patron
100,Lisa,Alvarado,Patron
